id,mode,cpt,wrvu,age,bmi,asa,cancer,optime,los,inout,readm,reop,cpt3_pool,expected_pe,expected_dvt,expected_vte
D1_low_chole_outpt,discharge,47562,10.21,1,1,2,0,2,1,2,,,475,0.00043731071222979603,0.0008299226611539968,0.0011767254773746192
D2_appendectomy_inpt,discharge,44970,9.21,2,2,2,0,2,1,1,,,449,0.0012873230001325957,0.0014455088267058534,0.0024841415818750577
D3_colon_cancer_high,discharge,44140,22.03,3,2,3,1,4,2,1,,,441,0.014409853491500214,0.015530872864685292,0.026753976058263323
D4_joint_replacement,discharge,27447,19.11,3,3,3,0,4,2,1,,,274,0.012211378212330502,0.014256965914847635,0.024003450823888096
D5_spine_longstay,discharge,22551,24.38,4,2,4,0,5,3,1,,,225,0.026676086027732117,0.03887431162574156,0.05812330239750726
D6_pooled_other_case,discharge,11005,13.88,2,1,3,0,3,2,1,,,999,0.0037920501450521833,0.005748470808662624,0.008889221471947338
D7_robotic_prostatectomy,discharge,55866,21.90,2,2,2,1,4,2,1,,,558,0.02513110748764367,0.015214425298775577,0.031085955667323098
D8_thyroid_outpatient,discharge,60240,14.66,2,1,2,0,3,1,2,,,602,0.0004470693993611501,0.0006477048219825867,0.00101531941904704
U1_early_readmit_colectomy,update,44140,22.03,3,2,3,1,4,2,1,1,0,441,0.11584971445114338,,
U2_early_reop_joint,update,27447,19.11,3,3,3,0,4,2,1,0,1,274,0.010966058339633206,,
U3_both_sentinels_spine,update,22551,24.38,4,2,4,0,5,3,1,2,2,225,0.28278885833218087,,
U4_late_readmit_chole,update,47562,10.21,1,1,2,0,2,1,2,4,0,475,0.0025968709070820274,,
